industry,facility_size,leak_category,leak_contribution,intervention_id,intervention_category,intervention_cost,expected_CO2_reduction,implementation_difficulty,industry_fit,adoption_outcome
textile,medium,energy,0.443,INT-EN-001,energy,48304.0,14.28,medium,True,79.8
textile,small,energy,0.273,INT-EN-001,energy,62042.0,13.04,medium,True,56.1
textile,small,energy,0.113,INT-EN-001,energy,60406.0,12.99,medium,True,46.5
plastic,large,energy,0.485,INT-EN-001,energy,49962.0,12.38,medium,True,83.4
food,large,energy,0.583,INT-EN-001,energy,52126.0,12.01,medium,True,83.9
textile,small,energy,0.198,INT-EN-001,energy,57802.0,12.26,medium,True,50.5
textile,large,energy,0.23,INT-EN-001,energy,58011.0,11.15,medium,True,71.6
food,large,energy,0.447,INT-EN-001,energy,59632.0,12.35,medium,True,79.3
plastic,small,energy,0.325,INT-EN-001,energy,56076.0,13.49,medium,True,57.1
plastic,medium,energy,0.096,INT-EN-001,energy,53956.0,11.43,medium,True,58.9
plastic,small,energy,0.226,INT-EN-001,energy,51594.0,13.11,medium,True,55.2
food,medium,energy,0.503,INT-EN-001,energy,49505.0,10.71,medium,True,73.7
food,medium,energy,0.341,INT-EN-001,energy,49263.0,13.24,medium,True,75.0
plastic,small,energy,0.268,INT-EN-001,energy,48196.0,11.07,medium,True,52.5
textile,large,energy,0.584,INT-EN-001,energy,59599.0,13.31,medium,True,82.6
plastic,small,energy,0.185,INT-EN-001,energy,51798.0,12.8,medium,True,52.5
textile,small,energy,0.305,INT-EN-001,energy,57101.0,12.82,medium,True,53.9
food,large,energy,0.337,INT-EN-001,energy,52193.0,11.17,medium,True,77.9
textile,large,energy,0.382,INT-EN-001,energy,52473.0,12.84,medium,True,78.6
textile,medium,energy,0.123,INT-EN-001,energy,54780.0,12.47,medium,True,63.5
textile,medium,energy,0.252,INT-EN-001,energy,55341.0,12.27,medium,True,66.8
plastic,large,energy,0.368,INT-EN-001,energy,48541.0,13.15,medium,True,79.2
food,large,energy,0.556,INT-EN-001,energy,50549.0,10.77,medium,True,78.1
plastic,large,energy,0.245,INT-EN-001,energy,62473.0,11.72,medium,True,71.2
food,large,energy,0.103,INT-EN-001,energy,53929.0,14.35,medium,True,71.4
food,large,energy,0.35,INT-EN-001,energy,51963.0,13.52,medium,True,78.3
food,small,energy,0.216,INT-EN-001,energy,62207.0,11.53,medium,True,52.2
food,small,energy,0.392,INT-EN-001,energy,61180.0,11.36,medium,True,52.7
plastic,large,energy,0.155,INT-EN-001,energy,46980.0,11.49,medium,True,67.7
food,small,energy,0.441,INT-EN-001,energy,56338.0,11.37,medium,True,56.4
plastic,large,energy,0.144,INT-EN-001,energy,62055.0,12.12,medium,True,67.5
textile,medium,materials,0.561,INT-EN-001,energy,47160.0,12.71,medium,False,24.0
plastic,large,energy,0.582,INT-EN-001,energy,56585.0,14.12,medium,True,85.8
plastic,medium,energy,0.137,INT-EN-001,energy,60436.0,13.61,medium,True,59.2
food,large,energy,0.394,INT-EN-001,energy,53557.0,12.03,medium,True,81.0
textile,large,energy,0.209,INT-EN-001,energy,50655.0,13.42,medium,True,78.1
food,large,energy,0.156,INT-EN-001,energy,60357.0,11.79,medium,True,67.6
plastic,medium,energy,0.16,INT-EN-001,energy,48656.0,10.7,medium,True,60.4
plastic,large,energy,0.434,INT-EN-001,energy,53245.0,11.82,medium,True,79.4
plastic,large,energy,0.174,INT-EN-001,energy,50656.0,11.56,medium,True,72.3
food,small,energy,0.352,INT-EN-002,energy,10566.0,7.15,low,True,68.9
plastic,large,energy,0.549,INT-EN-002,energy,13726.0,7.09,low,True,78.5
plastic,medium,energy,0.359,INT-EN-002,energy,12051.0,7.2,low,True,66.0
food,large,energy,0.153,INT-EN-002,energy,11920.0,6.34,low,True,66.7
textile,medium,energy,0.277,INT-EN-002,energy,12669.0,6.1,low,True,70.2
textile,large,energy,0.358,INT-EN-002,energy,13255.0,6.8,low,True,73.6
textile,large,energy,0.462,INT-EN-002,energy,10929.0,6.88,low,True,75.4
textile,medium,energy,0.124,INT-EN-002,energy,13569.0,5.79,low,True,57.3
plastic,medium,energy,0.493,INT-EN-002,energy,13606.0,6.02,low,True,72.4
textile,medium,energy,0.374,INT-EN-002,energy,12261.0,6.43,low,True,72.3
textile,large,energy,0.392,INT-EN-002,energy,13552.0,5.76,low,True,66.9
food,medium,energy,0.483,INT-EN-002,energy,12616.0,6.18,low,True,75.9
textile,medium,energy,0.244,INT-EN-002,energy,10767.0,5.81,low,True,67.6
plastic,large,energy,0.368,INT-EN-002,energy,13570.0,7.05,low,True,74.5
textile,medium,energy,0.575,INT-EN-002,energy,10627.0,7.18,low,True,77.5
food,medium,energy,0.086,INT-EN-002,energy,11836.0,7.13,low,True,58.2
textile,small,energy,0.558,INT-EN-002,energy,13013.0,5.74,low,True,64.7
textile,large,energy,0.135,INT-EN-002,energy,13797.0,6.82,low,True,63.0
plastic,large,energy,0.205,INT-EN-002,energy,10715.0,7.04,low,True,68.0
food,small,energy,0.083,INT-EN-002,energy,10386.0,6.71,low,True,53.5
textile,small,energy,0.497,INT-EN-002,energy,13540.0,7.03,low,True,75.4
food,medium,energy,0.145,INT-EN-002,energy,12016.0,6.98,low,True,63.6
plastic,medium,energy,0.18,INT-EN-002,energy,11175.0,6.91,low,True,68.9
plastic,medium,energy,0.102,INT-EN-002,energy,13383.0,6.91,low,True,63.8
plastic,large,energy,0.318,INT-EN-002,energy,13023.0,6.77,low,True,70.7
plastic,large,energy,0.381,INT-EN-002,energy,12719.0,6.79,low,True,75.2
textile,medium,energy,0.327,INT-EN-002,energy,10629.0,5.79,low,True,68.7
textile,medium,energy,0.41,INT-EN-002,energy,11683.0,6.32,low,True,68.7
textile,small,energy,0.298,INT-EN-002,energy,11907.0,5.96,low,True,60.9
textile,large,energy,0.419,INT-EN-002,energy,11338.0,7.06,low,True,77.2
textile,medium,energy,0.347,INT-EN-002,energy,12852.0,7.25,low,True,73.5
food,medium,energy,0.244,INT-EN-002,energy,13215.0,6.49,low,True,67.9
food,large,energy,0.226,INT-EN-002,energy,11403.0,5.86,low,True,66.7
food,small,energy,0.525,INT-EN-002,energy,11540.0,5.82,low,True,69.4
textile,medium,energy,0.481,INT-EN-002,energy,11319.0,6.87,low,True,72.7
food,large,energy,0.189,INT-EN-002,energy,12090.0,5.84,low,True,61.2
textile,large,energy,0.516,INT-EN-002,energy,13765.0,5.8,low,True,78.8
food,small,energy,0.306,INT-EN-002,energy,11890.0,5.82,low,True,60.9
plastic,large,energy,0.232,INT-EN-002,energy,11965.0,6.67,low,True,60.2
plastic,small,energy,0.412,INT-EN-002,energy,12537.0,6.83,low,True,68.9
plastic,large,energy,0.256,INT-EN-003,energy,71717.0,7.96,high,True,59.4
textile,medium,materials,0.385,INT-EN-003,energy,71830.0,7.62,high,False,14.5
food,large,energy,0.172,INT-EN-003,energy,61858.0,7.26,high,True,53.6
food,medium,energy,0.391,INT-EN-003,energy,55393.0,7.47,high,True,55.2
food,large,energy,0.328,INT-EN-003,energy,70098.0,8.97,high,True,57.6
textile,large,energy,0.139,INT-EN-003,energy,69532.0,7.86,high,True,51.7
textile,large,energy,0.462,INT-EN-003,energy,69875.0,7.63,high,True,62.2
plastic,medium,energy,0.592,INT-EN-003,energy,64317.0,9.15,high,True,65.4
food,medium,energy,0.497,INT-EN-003,energy,73282.0,8.77,high,True,63.4
plastic,large,energy,0.431,INT-EN-003,energy,69159.0,8.66,high,True,65.1
plastic,medium,energy,0.202,INT-EN-003,energy,67377.0,8.86,high,True,51.4
food,small,energy,0.289,INT-EN-003,energy,72715.0,8.41,high,True,35.8
food,medium,energy,0.235,INT-EN-003,energy,66761.0,7.75,high,True,49.8
textile,large,energy,0.258,INT-EN-003,energy,69244.0,8.74,high,True,65.4
plastic,large,energy,0.379,INT-EN-003,energy,74703.0,8.48,high,True,60.3
textile,medium,energy,0.15,INT-EN-003,energy,62375.0,6.96,high,True,47.5
food,small,energy,0.259,INT-EN-003,energy,63447.0,9.1,high,True,39.0
textile,large,energy,0.202,INT-EN-003,energy,61594.0,8.98,high,True,57.2
plastic,small,energy,0.236,INT-EN-003,energy,59957.0,7.57,high,True,36.3
textile,small,energy,0.492,INT-EN-003,energy,70535.0,7.85,high,True,47.0
plastic,medium,energy,0.549,INT-EN-003,energy,70608.0,7.24,high,True,61.7
food,medium,materials,0.347,INT-EN-003,energy,63693.0,6.89,high,False,10.5
plastic,small,energy,0.114,INT-EN-003,energy,64125.0,8.04,high,True,33.9
food,small,energy,0.111,INT-EN-003,energy,68865.0,7.3,high,True,30.6
plastic,medium,energy,0.138,INT-EN-003,energy,72074.0,6.8,high,True,43.7
plastic,small,energy,0.486,INT-EN-003,energy,71653.0,7.42,high,True,47.2
food,medium,energy,0.199,INT-EN-003,energy,61699.0,9.03,high,True,49.2
food,large,energy,0.105,INT-EN-003,energy,57945.0,9.01,high,True,55.1
food,small,energy,0.402,INT-EN-003,energy,59962.0,8.17,high,True,40.6
textile,small,energy,0.402,INT-EN-003,energy,58423.0,8.66,high,True,42.0
plastic,large,energy,0.394,INT-EN-003,energy,74451.0,7.67,high,True,61.4
textile,large,energy,0.193,INT-EN-003,energy,63324.0,7.56,high,True,57.0
food,medium,energy,0.166,INT-EN-003,energy,69391.0,8.5,high,True,53.2
plastic,large,energy,0.146,INT-EN-003,energy,58053.0,8.46,high,True,56.3
plastic,large,energy,0.089,INT-EN-003,energy,74615.0,8.2,high,True,52.5
plastic,large,energy,0.403,INT-EN-003,energy,60577.0,6.92,high,True,59.5
textile,medium,energy,0.089,INT-EN-003,energy,66866.0,7.36,high,True,46.5
textile,medium,energy,0.286,INT-EN-003,energy,68464.0,8.54,high,True,56.6
food,large,energy,0.348,INT-EN-003,energy,55493.0,8.71,high,True,64.5
food,small,energy,0.285,INT-EN-003,energy,68560.0,7.16,high,True,33.1
plastic,large,energy,0.555,INT-EN-004,energy,7766.0,4.76,low,True,68.6
plastic,small,energy,0.349,INT-EN-004,energy,9116.0,5.13,low,True,65.7
plastic,medium,energy,0.53,INT-EN-004,energy,9260.0,4.22,low,True,75.8
plastic,medium,energy,0.276,INT-EN-004,energy,9059.0,5.36,low,True,65.8
plastic,medium,energy,0.293,INT-EN-004,energy,8760.0,5.43,low,True,65.1
plastic,medium,energy,0.285,INT-EN-004,energy,7559.0,4.31,low,True,64.9
plastic,small,energy,0.131,INT-EN-004,energy,9146.0,5.35,low,True,54.7
plastic,large,energy,0.351,INT-EN-004,energy,8419.0,4.45,low,True,67.4
plastic,small,energy,0.338,INT-EN-004,energy,7507.0,4.44,low,True,62.9
plastic,large,energy,0.549,INT-EN-004,energy,9736.0,5.49,low,True,71.8
plastic,medium,energy,0.368,INT-EN-004,energy,7472.0,5.3,low,True,66.9
plastic,small,energy,0.212,INT-EN-004,energy,7634.0,5.31,low,True,58.4
plastic,large,energy,0.291,INT-EN-004,energy,9163.0,5.19,low,True,69.7
plastic,medium,energy,0.132,INT-EN-004,energy,7900.0,5.3,low,True,57.7
plastic,small,energy,0.208,INT-EN-004,energy,9036.0,5.31,low,True,63.0
plastic,large,energy,0.164,INT-EN-004,energy,9622.0,5.36,low,True,59.6
plastic,small,energy,0.355,INT-EN-004,energy,8593.0,4.71,low,True,64.5
plastic,small,energy,0.576,INT-EN-004,energy,7642.0,4.88,low,True,67.9
plastic,large,energy,0.142,INT-EN-004,energy,9563.0,4.54,low,True,59.7
plastic,large,energy,0.177,INT-EN-004,energy,9746.0,5.26,low,True,52.2
plastic,medium,energy,0.559,INT-EN-004,energy,8096.0,4.15,low,True,75.5
plastic,medium,energy,0.493,INT-EN-004,energy,7765.0,5.41,low,True,71.7
plastic,medium,energy,0.597,INT-EN-004,energy,7941.0,4.17,low,True,74.4
plastic,medium,energy,0.284,INT-EN-004,energy,9576.0,4.54,low,True,61.6
plastic,small,energy,0.392,INT-EN-004,energy,8431.0,5.45,low,True,63.5
plastic,small,energy,0.101,INT-EN-004,energy,8372.0,5.37,low,True,54.7
plastic,large,energy,0.573,INT-EN-004,energy,8159.0,5.14,low,True,73.7
plastic,small,energy,0.552,INT-EN-004,energy,8294.0,5.01,low,True,69.0
plastic,large,energy,0.145,INT-EN-004,energy,7459.0,5.04,low,True,58.7
plastic,small,energy,0.183,INT-EN-004,energy,9209.0,5.32,low,True,55.8
plastic,small,energy,0.223,INT-EN-004,energy,7579.0,4.49,low,True,59.7
food,small,energy,0.445,INT-EN-004,energy,9655.0,4.96,low,False,20.5
plastic,small,energy,0.288,INT-EN-004,energy,8973.0,4.11,low,True,59.0
plastic,large,energy,0.567,INT-EN-004,energy,9403.0,4.54,low,True,75.2
plastic,medium,energy,0.254,INT-EN-004,energy,7848.0,5.39,low,True,66.0
plastic,large,energy,0.478,INT-EN-004,energy,9170.0,4.77,low,True,69.0
plastic,large,energy,0.23,INT-EN-004,energy,7882.0,4.92,low,True,62.4
plastic,medium,energy,0.167,INT-EN-004,energy,7244.0,4.56,low,True,60.6
plastic,large,energy,0.483,INT-EN-004,energy,7520.0,4.64,low,True,68.3
plastic,large,energy,0.402,INT-EN-004,energy,9604.0,5.49,low,True,71.4
plastic,medium,energy,0.54,INT-EN-005,energy,18883.0,4.59,medium,True,64.0
food,small,energy,0.34,INT-EN-005,energy,19005.0,5.44,medium,True,54.8
textile,small,energy,0.458,INT-EN-005,energy,20574.0,4.92,medium,True,62.3
textile,small,energy,0.264,INT-EN-005,energy,19552.0,5.72,medium,True,51.7
plastic,medium,energy,0.497,INT-EN-005,energy,17953.0,5.81,medium,True,70.5
plastic,large,energy,0.358,INT-EN-005,energy,15665.0,4.5,medium,True,62.1
plastic,large,energy,0.419,INT-EN-005,energy,19745.0,4.68,medium,True,64.3
food,small,energy,0.506,INT-EN-005,energy,15801.0,5.04,medium,True,66.4
food,small,energy,0.47,INT-EN-005,energy,17809.0,4.99,medium,True,56.1
food,medium,energy,0.125,INT-EN-005,energy,16252.0,4.69,medium,True,55.7
food,large,energy,0.42,INT-EN-005,energy,17723.0,5.03,medium,True,65.6
food,large,energy,0.195,INT-EN-005,energy,18843.0,4.87,medium,True,52.5
food,large,energy,0.449,INT-EN-005,energy,15444.0,4.5,medium,True,62.8
textile,medium,energy,0.474,INT-EN-005,energy,19764.0,5.3,medium,True,68.7
plastic,small,energy,0.373,INT-EN-005,energy,18954.0,4.52,medium,True,55.9
textile,medium,energy,0.169,INT-EN-005,energy,20107.0,5.15,medium,True,58.3
food,medium,energy,0.385,INT-EN-005,energy,16356.0,5.48,medium,True,68.8
plastic,medium,energy,0.172,INT-EN-005,energy,16027.0,5.76,medium,True,55.4
plastic,small,energy,0.218,INT-EN-005,energy,18597.0,4.74,medium,True,49.8
plastic,large,energy,0.14,INT-EN-005,energy,18646.0,4.61,medium,True,56.9
plastic,small,energy,0.598,INT-EN-005,energy,15539.0,5.05,medium,True,65.1
food,small,energy,0.169,INT-EN-005,energy,20585.0,5.2,medium,True,48.7
textile,large,energy,0.247,INT-EN-005,energy,16343.0,4.58,medium,True,61.0
textile,medium,energy,0.304,INT-EN-005,energy,18719.0,5.87,medium,True,58.1
textile,large,energy,0.375,INT-EN-005,energy,17794.0,5.45,medium,True,62.8
plastic,large,energy,0.129,INT-EN-005,energy,16197.0,5.55,medium,True,55.2
textile,large,energy,0.214,INT-EN-005,energy,19765.0,5.87,medium,True,60.6
textile,large,energy,0.284,INT-EN-005,energy,20289.0,5.32,medium,True,60.8
food,large,energy,0.094,INT-EN-005,energy,19315.0,5.75,medium,True,48.9
textile,small,energy,0.252,INT-EN-005,energy,20045.0,5.0,medium,True,53.7
food,small,energy,0.338,INT-EN-005,energy,18197.0,5.93,medium,True,53.7
food,small,energy,0.537,INT-EN-005,energy,17322.0,4.58,medium,True,63.2
plastic,medium,waste,0.301,INT-EN-005,energy,17298.0,5.07,medium,False,15.3
textile,small,energy,0.238,INT-EN-005,energy,20021.0,4.46,medium,True,50.9
food,medium,energy,0.428,INT-EN-005,energy,17334.0,5.39,medium,True,67.2
food,large,energy,0.153,INT-EN-005,energy,16318.0,4.96,medium,True,52.1
textile,small,energy,0.587,INT-EN-005,energy,15736.0,5.44,medium,True,70.8
textile,medium,energy,0.099,INT-EN-005,energy,18187.0,5.97,medium,True,60.4
textile,small,energy,0.55,INT-EN-005,energy,15544.0,5.88,medium,True,61.7
food,small,energy,0.161,INT-EN-005,energy,18188.0,5.85,medium,True,49.3
plastic,large,energy,0.584,INT-EN-006,energy,4244.0,2.81,low,True,70.4
textile,small,energy,0.448,INT-EN-006,energy,4946.0,3.54,low,True,69.8
plastic,medium,energy,0.364,INT-EN-006,energy,4559.0,3.47,low,True,69.0
plastic,large,energy,0.281,INT-EN-006,energy,4313.0,3.0,low,True,64.2
textile,medium,energy,0.564,INT-EN-006,energy,4651.0,2.67,low,True,70.4
food,small,energy,0.348,INT-EN-006,energy,5089.0,3.54,low,True,67.8
food,medium,energy,0.181,INT-EN-006,energy,4593.0,3.48,low,True,59.6
plastic,large,energy,0.401,INT-EN-006,energy,4992.0,3.52,low,True,70.3
plastic,medium,energy,0.572,INT-EN-006,energy,4336.0,3.35,low,True,70.0
plastic,medium,energy,0.43,INT-EN-006,energy,4412.0,2.85,low,True,68.3
plastic,large,energy,0.136,INT-EN-006,energy,4497.0,3.12,low,True,55.3
food,small,energy,0.329,INT-EN-006,energy,4394.0,2.7,low,True,58.9
food,large,energy,0.59,INT-EN-006,energy,4458.0,3.47,low,True,69.2
textile,large,energy,0.487,INT-EN-006,energy,4403.0,3.23,low,True,75.5
food,small,energy,0.429,INT-EN-006,energy,5122.0,2.98,low,True,68.1
textile,medium,energy,0.319,INT-EN-006,energy,4116.0,3.33,low,True,63.5
textile,medium,energy,0.545,INT-EN-006,energy,4193.0,2.74,low,True,65.7
textile,small,energy,0.355,INT-EN-006,energy,5017.0,3.34,low,True,66.6
plastic,large,energy,0.157,INT-EN-006,energy,4194.0,2.92,low,True,55.9
textile,large,energy,0.33,INT-EN-006,energy,4881.0,3.33,low,True,65.5
food,medium,energy,0.268,INT-EN-006,energy,4063.0,3.07,low,True,61.9
food,large,energy,0.222,INT-EN-006,energy,4002.0,3.04,low,True,61.0
food,large,energy,0.564,INT-EN-006,energy,4497.0,3.23,low,True,65.5
plastic,medium,energy,0.552,INT-EN-006,energy,4893.0,3.06,low,True,73.0
textile,medium,energy,0.292,INT-EN-006,energy,4592.0,3.15,low,True,58.9
textile,large,energy,0.521,INT-EN-006,energy,5168.0,3.45,low,True,70.0
plastic,small,energy,0.395,INT-EN-006,energy,5092.0,2.96,low,True,63.6
textile,small,energy,0.11,INT-EN-006,energy,5107.0,3.01,low,True,50.9
plastic,large,energy,0.502,INT-EN-006,energy,4182.0,3.48,low,True,71.1
plastic,large,energy,0.224,INT-EN-006,energy,5127.0,2.88,low,True,60.4
food,large,energy,0.481,INT-EN-006,energy,4336.0,3.41,low,True,66.7
plastic,medium,materials,0.1,INT-EN-006,energy,4106.0,3.12,low,False,17.6
plastic,medium,energy,0.273,INT-EN-006,energy,4080.0,2.82,low,True,59.3
food,large,energy,0.439,INT-EN-006,energy,5152.0,3.02,low,True,68.2
plastic,small,energy,0.472,INT-EN-006,energy,3957.0,3.07,low,True,65.2
textile,medium,energy,0.494,INT-EN-006,energy,5050.0,3.38,low,True,71.0
plastic,small,energy,0.571,INT-EN-006,energy,4368.0,2.84,low,True,65.1
plastic,small,energy,0.412,INT-EN-006,energy,4882.0,2.83,low,True,66.5
plastic,large,energy,0.106,INT-EN-006,energy,4996.0,2.92,low,True,51.8
textile,small,energy,0.568,INT-EN-006,energy,4808.0,3.05,low,True,69.9
food,large,energy,0.47,INT-EN-007,energy,22473.0,5.14,medium,True,64.1
food,medium,energy,0.285,INT-EN-007,energy,26066.0,6.52,medium,True,63.6
plastic,large,energy,0.178,INT-EN-007,energy,26126.0,6.6,medium,True,60.9
plastic,large,energy,0.412,INT-EN-007,energy,23812.0,6.65,medium,True,66.7
food,large,energy,0.49,INT-EN-007,energy,23156.0,6.64,medium,True,71.8
plastic,large,energy,0.395,INT-EN-007,energy,25141.0,6.37,medium,True,66.5
food,large,energy,0.338,INT-EN-007,energy,20798.0,5.54,medium,True,62.0
food,medium,waste,0.47,INT-EN-007,energy,22255.0,6.44,medium,False,19.8
plastic,medium,energy,0.208,INT-EN-007,energy,22061.0,4.98,medium,True,54.2
food,small,energy,0.356,INT-EN-007,energy,23828.0,5.71,medium,True,56.4
food,small,energy,0.262,INT-EN-007,energy,24566.0,5.18,medium,True,48.3
food,large,energy,0.168,INT-EN-007,energy,21925.0,5.09,medium,True,52.1
food,small,energy,0.149,INT-EN-007,energy,26356.0,5.94,medium,True,47.3
food,medium,energy,0.352,INT-EN-007,energy,25532.0,5.71,medium,True,63.8
food,small,energy,0.216,INT-EN-007,energy,21505.0,5.36,medium,True,51.7
plastic,large,energy,0.12,INT-EN-007,energy,25908.0,5.47,medium,True,56.6
food,medium,energy,0.376,INT-EN-007,energy,22487.0,5.89,medium,True,69.8
food,small,energy,0.441,INT-EN-007,energy,25258.0,6.12,medium,True,56.9
food,small,energy,0.196,INT-EN-007,energy,23575.0,6.22,medium,True,49.4
plastic,large,energy,0.402,INT-EN-007,energy,27081.0,5.79,medium,True,66.8
plastic,large,energy,0.348,INT-EN-007,energy,23867.0,6.53,medium,True,67.3
food,large,energy,0.174,INT-EN-007,energy,21962.0,5.1,medium,True,55.9
food,medium,energy,0.097,INT-EN-007,energy,24504.0,5.2,medium,True,49.0
food,medium,energy,0.414,INT-EN-007,energy,23368.0,6.25,medium,True,62.9
textile,large,energy,0.522,INT-EN-007,energy,27592.0,5.32,medium,False,21.5
food,large,energy,0.597,INT-EN-007,energy,27530.0,5.85,medium,True,69.7
plastic,medium,energy,0.355,INT-EN-007,energy,26396.0,5.46,medium,True,63.3
food,medium,waste,0.495,INT-EN-007,energy,22338.0,5.49,medium,False,21.8
plastic,medium,energy,0.292,INT-EN-007,energy,25794.0,5.51,medium,True,57.2
plastic,small,energy,0.312,INT-EN-007,energy,22041.0,6.25,medium,True,53.0
food,small,energy,0.421,INT-EN-007,energy,22380.0,5.04,medium,True,58.8
food,small,energy,0.161,INT-EN-007,energy,24767.0,5.7,medium,True,45.0
plastic,large,energy,0.086,INT-EN-007,energy,21686.0,6.5,medium,True,54.2
food,small,energy,0.457,INT-EN-007,energy,24716.0,6.59,medium,True,56.7
food,medium,energy,0.197,INT-EN-007,energy,20731.0,5.54,medium,True,56.6
plastic,medium,energy,0.397,INT-EN-007,energy,25992.0,6.34,medium,True,65.9
food,medium,energy,0.208,INT-EN-007,energy,20706.0,5.32,medium,True,53.8
plastic,small,energy,0.561,INT-EN-007,energy,21850.0,6.55,medium,True,63.6
textile,large,energy,0.477,INT-EN-007,energy,27385.0,6.51,medium,False,19.2
food,small,energy,0.399,INT-EN-007,energy,24826.0,5.66,medium,True,59.7
plastic,medium,materials,0.459,INT-MAT-001,materials,24303.0,13.09,medium,True,80.2
plastic,large,energy,0.272,INT-MAT-001,materials,19854.0,12.09,medium,False,21.0
food,medium,materials,0.527,INT-MAT-001,materials,21196.0,14.59,medium,False,24.5
plastic,large,energy,0.44,INT-MAT-001,materials,25216.0,11.82,medium,False,19.4
plastic,small,materials,0.117,INT-MAT-001,materials,21837.0,14.2,medium,True,64.1
plastic,small,materials,0.518,INT-MAT-001,materials,21646.0,14.99,medium,True,79.7
plastic,large,materials,0.334,INT-MAT-001,materials,19635.0,11.82,medium,True,73.5
plastic,medium,materials,0.309,INT-MAT-001,materials,21435.0,13.29,medium,True,76.4
plastic,small,materials,0.274,INT-MAT-001,materials,22999.0,11.65,medium,True,64.9
plastic,medium,materials,0.501,INT-MAT-001,materials,21194.0,13.32,medium,True,82.9
plastic,medium,materials,0.259,INT-MAT-001,materials,21480.0,11.62,medium,True,73.0
plastic,small,materials,0.477,INT-MAT-001,materials,20580.0,14.34,medium,True,78.4
food,large,materials,0.311,INT-MAT-001,materials,22310.0,11.8,medium,False,18.8
plastic,small,materials,0.518,INT-MAT-001,materials,20838.0,13.12,medium,True,81.5
plastic,small,materials,0.572,INT-MAT-001,materials,20454.0,13.22,medium,True,75.7
plastic,small,waste,0.585,INT-MAT-001,materials,20408.0,13.22,medium,False,19.9
plastic,medium,materials,0.525,INT-MAT-001,materials,21273.0,13.32,medium,True,88.2
plastic,large,materials,0.284,INT-MAT-001,materials,20021.0,13.91,medium,True,79.9
plastic,small,materials,0.265,INT-MAT-001,materials,21002.0,14.06,medium,True,67.5
plastic,small,materials,0.191,INT-MAT-001,materials,24641.0,12.58,medium,True,64.2
plastic,large,materials,0.204,INT-MAT-001,materials,23631.0,11.74,medium,True,71.5
plastic,medium,materials,0.451,INT-MAT-001,materials,25253.0,12.57,medium,True,79.6
plastic,large,materials,0.399,INT-MAT-001,materials,18793.0,14.89,medium,True,83.4
plastic,medium,materials,0.205,INT-MAT-001,materials,20508.0,11.35,medium,True,67.9
plastic,large,materials,0.256,INT-MAT-001,materials,20864.0,11.58,medium,True,72.8
plastic,medium,materials,0.595,INT-MAT-001,materials,24828.0,13.22,medium,True,80.9
plastic,small,materials,0.519,INT-MAT-001,materials,24610.0,12.94,medium,True,75.6
plastic,large,materials,0.563,INT-MAT-001,materials,19323.0,15.16,medium,True,89.1
plastic,small,materials,0.48,INT-MAT-001,materials,23975.0,13.61,medium,True,73.5
plastic,medium,materials,0.295,INT-MAT-001,materials,18980.0,12.99,medium,True,76.6
plastic,large,materials,0.221,INT-MAT-001,materials,24599.0,12.91,medium,True,74.3
plastic,medium,materials,0.214,INT-MAT-001,materials,22018.0,11.82,medium,True,76.0
plastic,medium,materials,0.213,INT-MAT-001,materials,25100.0,14.33,medium,True,73.6
plastic,medium,materials,0.354,INT-MAT-001,materials,19822.0,14.46,medium,True,84.4
plastic,small,materials,0.373,INT-MAT-001,materials,23459.0,11.45,medium,True,65.4
plastic,large,materials,0.346,INT-MAT-001,materials,20406.0,13.85,medium,True,77.7
plastic,large,materials,0.248,INT-MAT-001,materials,22578.0,14.06,medium,True,74.4
plastic,large,energy,0.317,INT-MAT-001,materials,24459.0,13.13,medium,False,24.7
plastic,large,energy,0.573,INT-MAT-001,materials,20777.0,12.63,medium,False,22.4
plastic,small,materials,0.212,INT-MAT-001,materials,23355.0,11.49,medium,True,63.0
plastic,small,materials,0.129,INT-MAT-002,materials,31779.0,17.73,medium,True,67.3
plastic,large,materials,0.359,INT-MAT-002,materials,26294.0,14.33,medium,True,78.7
plastic,medium,materials,0.216,INT-MAT-002,materials,29066.0,15.95,medium,True,73.6
plastic,large,materials,0.386,INT-MAT-002,materials,31916.0,16.61,medium,True,85.6
textile,medium,materials,0.443,INT-MAT-002,materials,32088.0,16.29,medium,True,89.5
plastic,small,materials,0.344,INT-MAT-002,materials,29877.0,18.33,medium,True,77.3
plastic,medium,materials,0.532,INT-MAT-002,materials,24106.0,16.78,medium,True,90.5
textile,large,materials,0.178,INT-MAT-002,materials,26648.0,17.51,medium,True,77.9
textile,medium,materials,0.184,INT-MAT-002,materials,26255.0,18.84,medium,True,76.6
textile,small,materials,0.101,INT-MAT-002,materials,29919.0,14.24,medium,True,59.9
plastic,large,materials,0.325,INT-MAT-002,materials,27883.0,16.18,medium,True,80.5
textile,medium,materials,0.547,INT-MAT-002,materials,32158.0,14.41,medium,True,84.0
plastic,large,materials,0.171,INT-MAT-002,materials,30218.0,16.48,medium,True,76.8
plastic,large,materials,0.122,INT-MAT-002,materials,26007.0,18.91,medium,True,75.7
plastic,small,materials,0.382,INT-MAT-002,materials,26965.0,18.12,medium,True,80.3
textile,small,materials,0.272,INT-MAT-002,materials,28569.0,14.37,medium,True,68.7
textile,medium,materials,0.456,INT-MAT-002,materials,24358.0,18.29,medium,True,87.8
textile,small,materials,0.524,INT-MAT-002,materials,25772.0,16.74,medium,True,83.2
plastic,large,materials,0.594,INT-MAT-002,materials,25061.0,18.14,medium,True,94.7
plastic,small,materials,0.436,INT-MAT-002,materials,26012.0,16.1,medium,True,84.1
textile,small,materials,0.239,INT-MAT-002,materials,25907.0,15.83,medium,True,71.4
plastic,small,materials,0.441,INT-MAT-002,materials,30920.0,15.2,medium,True,75.9
textile,small,materials,0.593,INT-MAT-002,materials,24177.0,17.73,medium,True,86.9
plastic,medium,materials,0.086,INT-MAT-002,materials,28800.0,18.93,medium,True,74.0
textile,medium,materials,0.39,INT-MAT-002,materials,30455.0,17.75,medium,True,86.4
plastic,small,materials,0.235,INT-MAT-002,materials,26570.0,18.64,medium,True,77.8
plastic,medium,materials,0.333,INT-MAT-002,materials,24701.0,15.2,medium,True,78.3
plastic,large,materials,0.183,INT-MAT-002,materials,30229.0,14.5,medium,True,73.6
textile,small,materials,0.408,INT-MAT-002,materials,30162.0,18.12,medium,True,81.5
plastic,medium,materials,0.578,INT-MAT-002,materials,28735.0,17.31,medium,True,92.5
plastic,medium,materials,0.185,INT-MAT-002,materials,28331.0,16.41,medium,True,72.5
textile,medium,materials,0.384,INT-MAT-002,materials,29322.0,17.59,medium,True,86.2
plastic,large,materials,0.395,INT-MAT-002,materials,24650.0,15.38,medium,True,83.8
textile,medium,materials,0.388,INT-MAT-002,materials,25663.0,17.66,medium,True,89.0
textile,large,materials,0.312,INT-MAT-002,materials,31059.0,17.61,medium,True,85.0
textile,small,materials,0.18,INT-MAT-002,materials,26936.0,18.7,medium,True,71.6
plastic,large,materials,0.504,INT-MAT-002,materials,27020.0,17.85,medium,True,91.3
plastic,large,materials,0.289,INT-MAT-002,materials,24228.0,18.6,medium,True,85.8
textile,medium,materials,0.506,INT-MAT-002,materials,27988.0,14.19,medium,True,82.6
textile,large,materials,0.108,INT-MAT-002,materials,31699.0,18.66,medium,True,77.3
plastic,large,materials,0.142,INT-MAT-003,materials,16701.0,11.59,low,True,68.9
plastic,medium,materials,0.365,INT-MAT-003,materials,17376.0,11.33,low,True,83.9
plastic,large,materials,0.159,INT-MAT-003,materials,21357.0,14.12,low,True,75.5
plastic,medium,materials,0.439,INT-MAT-003,materials,16244.0,14.33,low,True,87.2
plastic,medium,materials,0.086,INT-MAT-003,materials,19055.0,12.63,low,True,74.1
plastic,large,materials,0.275,INT-MAT-003,materials,21679.0,11.36,low,True,79.0
plastic,small,materials,0.34,INT-MAT-003,materials,19819.0,14.3,low,True,76.9
plastic,large,materials,0.321,INT-MAT-003,materials,16327.0,13.04,low,True,84.5
plastic,small,materials,0.394,INT-MAT-003,materials,18408.0,10.87,low,True,78.6
plastic,small,materials,0.37,INT-MAT-003,materials,20431.0,13.84,low,True,79.8
plastic,large,materials,0.527,INT-MAT-003,materials,16847.0,14.21,low,True,91.1
plastic,medium,materials,0.082,INT-MAT-003,materials,18688.0,11.97,low,True,69.2
plastic,small,materials,0.479,INT-MAT-003,materials,21241.0,13.18,low,True,83.8
textile,small,materials,0.57,INT-MAT-003,materials,21569.0,12.26,low,False,23.2
plastic,large,materials,0.155,INT-MAT-003,materials,19651.0,11.59,low,True,73.9
plastic,large,materials,0.506,INT-MAT-003,materials,18959.0,13.63,low,True,89.5
plastic,small,materials,0.508,INT-MAT-003,materials,21292.0,14.03,low,True,87.0
plastic,small,waste,0.3,INT-MAT-003,materials,19344.0,12.01,low,False,22.9
plastic,medium,materials,0.338,INT-MAT-003,materials,21210.0,13.09,low,True,84.0
plastic,small,materials,0.508,INT-MAT-003,materials,17281.0,13.42,low,True,83.7
plastic,medium,materials,0.231,INT-MAT-003,materials,21175.0,13.47,low,True,80.2
plastic,small,waste,0.298,INT-MAT-003,materials,20789.0,13.52,low,False,20.3
plastic,medium,materials,0.135,INT-MAT-003,materials,17437.0,13.89,low,True,76.2
plastic,medium,materials,0.499,INT-MAT-003,materials,21252.0,10.98,low,True,82.0
plastic,small,materials,0.313,INT-MAT-003,materials,18422.0,12.49,low,True,72.5
plastic,small,materials,0.468,INT-MAT-003,materials,18096.0,13.74,low,True,86.8
plastic,medium,materials,0.228,INT-MAT-003,materials,20363.0,11.61,low,True,73.7
plastic,medium,materials,0.278,INT-MAT-003,materials,21142.0,14.44,low,True,86.2
plastic,large,materials,0.438,INT-MAT-003,materials,19187.0,12.18,low,True,82.8
plastic,medium,materials,0.544,INT-MAT-003,materials,17461.0,11.35,low,True,86.8
plastic,small,materials,0.153,INT-MAT-003,materials,21055.0,11.57,low,True,65.0
textile,small,materials,0.346,INT-MAT-003,materials,20752.0,12.05,low,False,20.4
plastic,small,materials,0.151,INT-MAT-003,materials,18393.0,14.09,low,True,70.9
plastic,large,materials,0.254,INT-MAT-003,materials,17701.0,12.45,low,True,77.8
plastic,small,materials,0.128,INT-MAT-003,materials,20963.0,11.37,low,True,63.1
plastic,large,materials,0.187,INT-MAT-003,materials,17214.0,12.59,low,True,75.4
plastic,small,materials,0.122,INT-MAT-003,materials,21178.0,13.72,low,True,71.5
plastic,large,materials,0.353,INT-MAT-003,materials,19871.0,14.18,low,True,87.8
plastic,small,energy,0.312,INT-MAT-003,materials,19999.0,13.89,low,False,15.7
plastic,small,materials,0.105,INT-MAT-003,materials,20448.0,12.05,low,True,63.9
textile,small,materials,0.141,INT-MAT-004,materials,29954.0,7.81,high,True,46.3
plastic,large,materials,0.36,INT-MAT-004,materials,38437.0,7.24,high,True,66.1
textile,medium,waste,0.52,INT-MAT-004,materials,34813.0,7.79,high,False,18.4
textile,large,energy,0.112,INT-MAT-004,materials,34978.0,6.64,high,False,10.7
plastic,medium,materials,0.166,INT-MAT-004,materials,29359.0,8.34,high,True,50.2
textile,medium,materials,0.227,INT-MAT-004,materials,34987.0,7.35,high,True,54.3
plastic,large,materials,0.577,INT-MAT-004,materials,38904.0,8.04,high,True,70.8
textile,large,materials,0.195,INT-MAT-004,materials,33502.0,7.42,high,True,57.6
textile,medium,materials,0.221,INT-MAT-004,materials,32691.0,6.48,high,True,49.8
textile,medium,materials,0.189,INT-MAT-004,materials,34896.0,6.9,high,True,51.3
plastic,large,materials,0.304,INT-MAT-004,materials,37213.0,7.1,high,True,58.7
textile,medium,materials,0.469,INT-MAT-004,materials,33571.0,7.31,high,True,61.9
textile,medium,materials,0.144,INT-MAT-004,materials,33087.0,7.63,high,True,48.0
plastic,large,materials,0.091,INT-MAT-004,materials,31445.0,6.64,high,True,48.0
textile,small,materials,0.081,INT-MAT-004,materials,30551.0,6.59,high,True,40.0
plastic,medium,materials,0.093,INT-MAT-004,materials,38502.0,6.62,high,True,45.6
textile,large,materials,0.397,INT-MAT-004,materials,38964.0,6.57,high,True,64.2
textile,large,materials,0.28,INT-MAT-004,materials,38399.0,6.71,high,True,60.2
textile,large,materials,0.11,INT-MAT-004,materials,38313.0,7.65,high,True,49.7
textile,medium,materials,0.317,INT-MAT-004,materials,30481.0,6.92,high,True,59.4
plastic,large,materials,0.164,INT-MAT-004,materials,35776.0,6.51,high,True,48.5
plastic,medium,materials,0.443,INT-MAT-004,materials,34962.0,6.84,high,True,64.2
textile,large,materials,0.247,INT-MAT-004,materials,29776.0,6.93,high,True,56.7
food,large,materials,0.168,INT-MAT-004,materials,31793.0,7.32,high,False,18.4
plastic,small,materials,0.16,INT-MAT-004,materials,36822.0,6.71,high,True,38.4
textile,small,materials,0.086,INT-MAT-004,materials,31429.0,8.43,high,True,39.9
textile,large,materials,0.214,INT-MAT-004,materials,34438.0,7.1,high,True,54.0
plastic,large,materials,0.418,INT-MAT-004,materials,30207.0,8.47,high,True,66.3
plastic,small,materials,0.452,INT-MAT-004,materials,37826.0,7.76,high,True,53.8
textile,large,materials,0.205,INT-MAT-004,materials,29519.0,7.61,high,True,56.6
textile,medium,materials,0.241,INT-MAT-004,materials,34499.0,7.64,high,True,50.5
textile,small,energy,0.131,INT-MAT-004,materials,37358.0,7.71,high,False,5.2
plastic,small,materials,0.387,INT-MAT-004,materials,30030.0,6.55,high,True,50.6
plastic,large,materials,0.443,INT-MAT-004,materials,31742.0,7.97,high,True,69.1
textile,small,materials,0.284,INT-MAT-004,materials,36472.0,7.44,high,True,43.4
plastic,small,materials,0.527,INT-MAT-004,materials,35045.0,7.23,high,True,55.3
plastic,small,materials,0.592,INT-MAT-004,materials,36102.0,7.77,high,True,55.2
textile,medium,materials,0.561,INT-MAT-004,materials,36700.0,7.38,high,True,61.5
textile,large,materials,0.541,INT-MAT-004,materials,29895.0,7.83,high,True,68.8
textile,medium,materials,0.159,INT-MAT-004,materials,31099.0,6.98,high,True,53.2
plastic,small,materials,0.274,INT-MAT-005,materials,15741.0,9.15,medium,True,59.1
plastic,small,materials,0.088,INT-MAT-005,materials,18227.0,10.29,medium,True,60.9
plastic,small,materials,0.398,INT-MAT-005,materials,16522.0,8.74,medium,True,67.8
plastic,large,materials,0.486,INT-MAT-005,materials,17253.0,8.88,medium,True,74.3
plastic,large,materials,0.535,INT-MAT-005,materials,17997.0,10.39,medium,True,76.1
plastic,large,materials,0.283,INT-MAT-005,materials,14837.0,8.47,medium,True,68.6
plastic,small,waste,0.413,INT-MAT-005,materials,16845.0,8.92,medium,False,21.0
plastic,large,energy,0.213,INT-MAT-005,materials,17014.0,9.84,medium,False,23.1
plastic,small,materials,0.43,INT-MAT-005,materials,14899.0,8.76,medium,True,69.1
plastic,large,materials,0.179,INT-MAT-005,materials,14526.0,9.52,medium,True,64.5
plastic,small,energy,0.549,INT-MAT-005,materials,14072.0,8.11,medium,False,23.8
plastic,medium,materials,0.11,INT-MAT-005,materials,17329.0,9.05,medium,True,61.6
plastic,medium,materials,0.51,INT-MAT-005,materials,16670.0,10.06,medium,True,80.5
plastic,large,materials,0.08,INT-MAT-005,materials,16473.0,8.99,medium,True,62.3
plastic,medium,materials,0.11,INT-MAT-005,materials,17997.0,8.87,medium,True,57.7
plastic,large,materials,0.392,INT-MAT-005,materials,16915.0,8.26,medium,True,68.7
plastic,small,materials,0.593,INT-MAT-005,materials,16826.0,9.99,medium,True,73.9
plastic,medium,materials,0.27,INT-MAT-005,materials,13621.0,9.42,medium,True,70.0
plastic,small,materials,0.17,INT-MAT-005,materials,13877.0,8.22,medium,True,60.8
plastic,small,materials,0.181,INT-MAT-005,materials,13729.0,9.55,medium,True,56.8
plastic,small,materials,0.369,INT-MAT-005,materials,14052.0,8.43,medium,True,66.5
plastic,small,waste,0.418,INT-MAT-005,materials,18056.0,9.17,medium,False,20.2
plastic,small,materials,0.263,INT-MAT-005,materials,16966.0,10.22,medium,True,68.2
plastic,small,materials,0.264,INT-MAT-005,materials,13662.0,8.78,medium,True,60.8
plastic,medium,materials,0.442,INT-MAT-005,materials,14267.0,10.27,medium,True,74.3
plastic,large,materials,0.331,INT-MAT-005,materials,15709.0,8.31,medium,True,67.7
plastic,medium,materials,0.576,INT-MAT-005,materials,14967.0,8.99,medium,True,74.9
plastic,small,materials,0.558,INT-MAT-005,materials,15040.0,8.31,medium,True,72.5
plastic,small,materials,0.326,INT-MAT-005,materials,18263.0,9.55,medium,True,64.5
plastic,large,materials,0.498,INT-MAT-005,materials,14087.0,8.86,medium,True,77.5
plastic,small,materials,0.117,INT-MAT-005,materials,15890.0,8.95,medium,True,51.8
plastic,small,materials,0.575,INT-MAT-005,materials,14273.0,10.7,medium,True,71.4
plastic,large,materials,0.506,INT-MAT-005,materials,15921.0,9.49,medium,True,80.3
plastic,large,materials,0.097,INT-MAT-005,materials,14923.0,8.26,medium,True,57.5
plastic,small,materials,0.127,INT-MAT-005,materials,15680.0,8.98,medium,True,52.6
plastic,medium,materials,0.333,INT-MAT-005,materials,18238.0,10.12,medium,True,67.8
plastic,small,energy,0.246,INT-MAT-005,materials,14829.0,10.81,medium,False,16.2
plastic,large,materials,0.392,INT-MAT-005,materials,13944.0,10.62,medium,True,74.1
plastic,small,materials,0.232,INT-MAT-005,materials,13907.0,10.07,medium,True,65.7
plastic,large,materials,0.306,INT-MAT-005,materials,16997.0,10.25,medium,True,67.8
textile,small,materials,0.521,INT-MAT-006,materials,31060.0,10.09,medium,True,69.9
textile,large,materials,0.271,INT-MAT-006,materials,29618.0,11.08,medium,True,71.7
textile,small,materials,0.257,INT-MAT-006,materials,33992.0,9.87,medium,True,49.4
textile,medium,materials,0.387,INT-MAT-006,materials,33547.0,10.65,medium,True,70.8
textile,large,materials,0.251,INT-MAT-006,materials,30958.0,10.53,medium,True,68.5
textile,medium,materials,0.245,INT-MAT-006,materials,29570.0,11.28,medium,True,64.3
textile,large,materials,0.441,INT-MAT-006,materials,32371.0,9.8,medium,True,74.5
textile,medium,materials,0.165,INT-MAT-006,materials,31067.0,10.75,medium,True,63.7
plastic,medium,materials,0.229,INT-MAT-006,materials,34406.0,12.39,medium,False,21.8
textile,medium,materials,0.571,INT-MAT-006,materials,30435.0,10.24,medium,True,76.0
textile,large,materials,0.465,INT-MAT-006,materials,34970.0,9.6,medium,True,72.3
textile,small,materials,0.116,INT-MAT-006,materials,34110.0,11.08,medium,True,54.5
textile,large,materials,0.211,INT-MAT-006,materials,31056.0,9.68,medium,True,65.3
textile,large,materials,0.108,INT-MAT-006,materials,29135.0,10.12,medium,True,58.9
textile,large,materials,0.528,INT-MAT-006,materials,29533.0,11.52,medium,True,82.0
textile,small,materials,0.125,INT-MAT-006,materials,34520.0,12.4,medium,True,57.9
textile,small,materials,0.209,INT-MAT-006,materials,27056.0,11.2,medium,True,57.0
textile,medium,materials,0.217,INT-MAT-006,materials,28097.0,9.48,medium,True,60.0
textile,small,materials,0.433,INT-MAT-006,materials,33386.0,10.43,medium,True,60.9
textile,large,materials,0.098,INT-MAT-006,materials,35565.0,11.93,medium,True,63.7
textile,small,materials,0.315,INT-MAT-006,materials,33693.0,9.37,medium,True,58.9
textile,small,materials,0.402,INT-MAT-006,materials,29152.0,10.37,medium,True,60.5
textile,medium,materials,0.293,INT-MAT-006,materials,31490.0,10.78,medium,True,63.8
textile,small,materials,0.31,INT-MAT-006,materials,32909.0,12.12,medium,True,60.1
textile,large,materials,0.432,INT-MAT-006,materials,33289.0,10.04,medium,True,75.7
textile,medium,materials,0.505,INT-MAT-006,materials,33019.0,11.85,medium,True,78.9
textile,medium,materials,0.377,INT-MAT-006,materials,26356.0,11.48,medium,True,76.4
textile,large,materials,0.434,INT-MAT-006,materials,28936.0,12.51,medium,True,82.7
textile,small,waste,0.473,INT-MAT-006,materials,32018.0,9.92,medium,False,18.1
textile,medium,materials,0.137,INT-MAT-006,materials,29893.0,11.02,medium,True,61.9
textile,medium,materials,0.516,INT-MAT-006,materials,30855.0,9.51,medium,True,74.2
textile,small,materials,0.494,INT-MAT-006,materials,28473.0,11.3,medium,True,71.2
textile,small,materials,0.363,INT-MAT-006,materials,34589.0,10.09,medium,True,57.5
textile,medium,materials,0.14,INT-MAT-006,materials,34273.0,12.2,medium,True,67.1
textile,small,materials,0.496,INT-MAT-006,materials,30984.0,12.41,medium,True,66.6
textile,medium,materials,0.342,INT-MAT-006,materials,34762.0,9.96,medium,True,70.8
textile,large,materials,0.515,INT-MAT-006,materials,29203.0,11.86,medium,True,81.5
textile,large,materials,0.248,INT-MAT-006,materials,29949.0,12.06,medium,True,72.3
textile,small,materials,0.492,INT-MAT-006,materials,30086.0,11.73,medium,True,72.3
textile,small,materials,0.332,INT-MAT-006,materials,33598.0,10.32,medium,True,61.7
food,small,materials,0.103,INT-MAT-007,materials,17240.0,6.89,low,True,55.1
food,small,materials,0.148,INT-MAT-007,materials,15005.0,5.68,low,True,53.8
food,medium,materials,0.208,INT-MAT-007,materials,13645.0,5.69,low,True,64.4
food,medium,materials,0.393,INT-MAT-007,materials,15875.0,5.95,low,True,72.2
food,medium,materials,0.224,INT-MAT-007,materials,14779.0,6.82,low,True,66.6
food,medium,materials,0.43,INT-MAT-007,materials,15642.0,5.62,low,True,76.1
textile,medium,materials,0.386,INT-MAT-007,materials,13028.0,6.8,low,False,17.5
food,medium,materials,0.096,INT-MAT-007,materials,16421.0,5.6,low,True,60.5
food,medium,materials,0.282,INT-MAT-007,materials,13862.0,6.87,low,True,70.4
food,large,materials,0.245,INT-MAT-007,materials,13123.0,5.56,low,True,64.4
food,small,materials,0.552,INT-MAT-007,materials,16755.0,6.53,low,True,67.4
food,medium,materials,0.278,INT-MAT-007,materials,15341.0,5.94,low,True,64.1
food,small,materials,0.491,INT-MAT-007,materials,16702.0,5.87,low,True,73.6
food,large,materials,0.169,INT-MAT-007,materials,14666.0,6.18,low,True,66.3
food,small,materials,0.575,INT-MAT-007,materials,15518.0,5.98,low,True,72.1
food,medium,materials,0.471,INT-MAT-007,materials,14656.0,5.83,low,True,72.8
food,small,materials,0.539,INT-MAT-007,materials,13848.0,6.34,low,True,74.4
food,small,materials,0.428,INT-MAT-007,materials,14726.0,6.64,low,True,71.4
food,small,materials,0.523,INT-MAT-007,materials,16496.0,6.63,low,True,72.8
food,medium,materials,0.348,INT-MAT-007,materials,16580.0,6.07,low,True,73.0
food,medium,materials,0.449,INT-MAT-007,materials,16156.0,7.01,low,True,74.9
food,small,materials,0.167,INT-MAT-007,materials,17137.0,5.74,low,True,59.3
food,large,materials,0.178,INT-MAT-007,materials,16604.0,6.22,low,True,68.0
food,medium,materials,0.536,INT-MAT-007,materials,14143.0,5.64,low,True,75.8
food,large,materials,0.322,INT-MAT-007,materials,14297.0,5.76,low,True,69.3
textile,small,energy,0.25,INT-MAT-007,materials,13148.0,5.73,low,False,19.6
food,large,materials,0.424,INT-MAT-007,materials,15588.0,7.02,low,True,72.0
food,medium,materials,0.492,INT-MAT-007,materials,14961.0,6.58,low,True,78.3
food,small,materials,0.515,INT-MAT-007,materials,16948.0,5.69,low,True,68.6
food,small,materials,0.261,INT-MAT-007,materials,15892.0,5.68,low,True,61.1
food,large,materials,0.372,INT-MAT-007,materials,15689.0,6.48,low,True,72.7
food,small,materials,0.187,INT-MAT-007,materials,14156.0,5.6,low,True,58.4
food,small,materials,0.407,INT-MAT-007,materials,16961.0,6.75,low,True,69.6
food,large,materials,0.304,INT-MAT-007,materials,14506.0,6.07,low,True,66.2
food,medium,materials,0.48,INT-MAT-007,materials,15575.0,6.27,low,True,74.2
food,medium,materials,0.25,INT-MAT-007,materials,16960.0,6.43,low,True,68.1
food,medium,materials,0.324,INT-MAT-007,materials,14056.0,6.09,low,True,72.0
food,large,materials,0.435,INT-MAT-007,materials,15642.0,6.48,low,True,73.5
food,large,materials,0.203,INT-MAT-007,materials,14025.0,6.06,low,True,64.7
food,large,materials,0.194,INT-MAT-007,materials,16369.0,6.08,low,True,65.5
plastic,medium,materials,0.431,INT-WST-001,waste,13344.0,9.99,low,True,78.4
plastic,small,waste,0.323,INT-WST-001,waste,13457.0,8.02,low,True,71.1
plastic,medium,materials,0.081,INT-WST-001,waste,15902.0,7.53,low,True,60.7
plastic,medium,materials,0.321,INT-WST-001,waste,15993.0,7.58,low,True,67.5
plastic,large,materials,0.154,INT-WST-001,waste,14686.0,8.84,low,True,68.1
plastic,large,materials,0.288,INT-WST-001,waste,12461.0,7.99,low,True,71.8
plastic,large,materials,0.275,INT-WST-001,waste,14708.0,9.63,low,True,73.5
plastic,large,materials,0.327,INT-WST-001,waste,15535.0,8.5,low,True,73.1
plastic,medium,materials,0.423,INT-WST-001,waste,13708.0,8.06,low,True,74.2
plastic,small,materials,0.371,INT-WST-001,waste,14154.0,9.67,low,True,72.3
textile,medium,waste,0.099,INT-WST-001,waste,13988.0,8.18,low,False,13.4
plastic,medium,materials,0.118,INT-WST-001,waste,12680.0,7.98,low,True,60.8
plastic,small,waste,0.127,INT-WST-001,waste,15578.0,8.26,low,True,60.6
plastic,medium,materials,0.116,INT-WST-001,waste,14392.0,10.09,low,True,69.3
plastic,small,waste,0.147,INT-WST-001,waste,14818.0,8.2,low,True,57.5
plastic,medium,waste,0.305,INT-WST-001,waste,12502.0,10.0,low,True,76.3
plastic,large,waste,0.185,INT-WST-001,waste,12130.0,7.85,low,True,64.2
plastic,medium,waste,0.382,INT-WST-001,waste,12884.0,8.46,low,True,73.1
plastic,small,materials,0.598,INT-WST-001,waste,16014.0,8.6,low,True,76.6
plastic,small,waste,0.13,INT-WST-001,waste,13803.0,8.38,low,True,58.0
plastic,small,waste,0.205,INT-WST-001,waste,14161.0,7.97,low,True,57.0
plastic,medium,waste,0.217,INT-WST-001,waste,12624.0,9.93,low,True,71.2
plastic,small,materials,0.315,INT-WST-001,waste,12268.0,9.38,low,True,66.9
plastic,medium,energy,0.494,INT-WST-001,waste,15877.0,9.2,low,False,25.0
plastic,medium,materials,0.265,INT-WST-001,waste,14590.0,8.92,low,True,69.8
plastic,large,materials,0.507,INT-WST-001,waste,13758.0,9.47,low,True,82.3
food,medium,materials,0.218,INT-WST-001,waste,13440.0,9.37,low,False,19.4
plastic,small,waste,0.511,INT-WST-001,waste,15469.0,8.25,low,True,73.4
plastic,medium,waste,0.446,INT-WST-001,waste,12579.0,9.03,low,True,75.5
plastic,large,materials,0.553,INT-WST-001,waste,12660.0,8.52,low,True,80.0
plastic,large,waste,0.291,INT-WST-001,waste,14627.0,9.0,low,True,71.1
plastic,small,waste,0.459,INT-WST-001,waste,13201.0,8.91,low,True,72.4
plastic,small,waste,0.173,INT-WST-001,waste,12324.0,9.5,low,True,63.4
plastic,small,waste,0.387,INT-WST-001,waste,14512.0,9.29,low,True,71.6
plastic,small,waste,0.239,INT-WST-001,waste,15711.0,7.73,low,True,64.7
plastic,medium,materials,0.247,INT-WST-001,waste,15377.0,9.51,low,True,72.4
plastic,medium,materials,0.53,INT-WST-001,waste,13236.0,8.76,low,True,79.4
plastic,medium,waste,0.598,INT-WST-001,waste,12541.0,8.85,low,True,82.7
plastic,medium,materials,0.406,INT-WST-001,waste,13695.0,8.83,low,True,77.6
plastic,large,waste,0.449,INT-WST-001,waste,15242.0,8.51,low,True,77.1
plastic,large,waste,0.327,INT-WST-002,waste,38916.0,9.02,medium,True,68.2
plastic,small,waste,0.36,INT-WST-002,waste,41219.0,10.42,medium,True,60.9
plastic,medium,energy,0.314,INT-WST-002,waste,38313.0,10.57,medium,False,21.4
plastic,small,waste,0.412,INT-WST-002,waste,38836.0,8.99,medium,True,59.0
plastic,medium,materials,0.448,INT-WST-002,waste,48245.0,9.85,medium,False,20.3
plastic,medium,materials,0.42,INT-WST-002,waste,47025.0,11.21,medium,False,21.8
plastic,medium,materials,0.5,INT-WST-002,waste,37012.0,9.35,medium,False,20.1
plastic,small,waste,0.367,INT-WST-002,waste,46232.0,9.81,medium,True,56.5
plastic,small,waste,0.171,INT-WST-002,waste,36990.0,9.57,medium,True,53.3
plastic,small,waste,0.471,INT-WST-002,waste,38095.0,9.12,medium,True,60.6
plastic,medium,waste,0.265,INT-WST-002,waste,41362.0,9.28,medium,True,61.5
plastic,small,waste,0.587,INT-WST-002,waste,44325.0,9.5,medium,True,62.1
plastic,large,waste,0.194,INT-WST-002,waste,46697.0,10.83,medium,True,65.9
plastic,medium,energy,0.097,INT-WST-002,waste,44927.0,11.36,medium,False,15.6
plastic,medium,waste,0.359,INT-WST-002,waste,43957.0,11.39,medium,True,74.5
plastic,medium,waste,0.453,INT-WST-002,waste,39018.0,11.62,medium,True,74.7
plastic,medium,waste,0.158,INT-WST-002,waste,38053.0,10.6,medium,True,65.3
plastic,large,waste,0.322,INT-WST-002,waste,47748.0,9.8,medium,True,67.5
plastic,medium,waste,0.437,INT-WST-002,waste,42149.0,10.26,medium,True,74.7
plastic,small,waste,0.599,INT-WST-002,waste,41729.0,11.47,medium,True,64.2
plastic,large,waste,0.526,INT-WST-002,waste,39343.0,11.13,medium,True,80.8
plastic,small,waste,0.147,INT-WST-002,waste,46997.0,9.42,medium,True,46.4
plastic,medium,waste,0.124,INT-WST-002,waste,36522.0,9.16,medium,True,61.2
plastic,large,waste,0.311,INT-WST-002,waste,43125.0,10.6,medium,True,70.1
plastic,small,waste,0.262,INT-WST-002,waste,35854.0,9.32,medium,True,57.1
plastic,large,waste,0.351,INT-WST-002,waste,45755.0,9.74,medium,True,71.7
plastic,large,waste,0.524,INT-WST-002,waste,40702.0,11.52,medium,True,82.8
plastic,large,waste,0.185,INT-WST-002,waste,42642.0,9.11,medium,True,69.0
plastic,small,waste,0.569,INT-WST-002,waste,36552.0,10.42,medium,True,69.4
plastic,large,waste,0.093,INT-WST-002,waste,42142.0,11.48,medium,True,65.1
plastic,large,waste,0.46,INT-WST-002,waste,47665.0,11.34,medium,True,79.4
plastic,medium,waste,0.175,INT-WST-002,waste,36561.0,10.99,medium,True,62.5
plastic,small,waste,0.243,INT-WST-002,waste,41826.0,11.26,medium,True,60.0
plastic,large,materials,0.467,INT-WST-002,waste,37188.0,10.42,medium,False,21.7
plastic,large,waste,0.142,INT-WST-002,waste,42152.0,9.45,medium,True,60.4
plastic,medium,waste,0.182,INT-WST-002,waste,46993.0,9.01,medium,True,58.3
plastic,small,waste,0.518,INT-WST-002,waste,47232.0,9.88,medium,True,61.2
plastic,small,waste,0.185,INT-WST-002,waste,45280.0,10.56,medium,True,50.4
plastic,medium,waste,0.473,INT-WST-002,waste,37678.0,11.38,medium,True,74.5
plastic,medium,waste,0.222,INT-WST-002,waste,41601.0,10.8,medium,True,63.0
plastic,large,waste,0.273,INT-WST-003,waste,15149.0,4.51,low,True,64.5
textile,large,waste,0.087,INT-WST-003,waste,14887.0,4.21,low,True,57.2
textile,medium,waste,0.388,INT-WST-003,waste,16866.0,3.81,low,True,67.2
plastic,small,waste,0.549,INT-WST-003,waste,19240.0,4.04,low,True,69.6
textile,large,waste,0.234,INT-WST-003,waste,16459.0,3.62,low,True,59.2
textile,large,waste,0.318,INT-WST-003,waste,16877.0,4.19,low,True,63.5
plastic,large,materials,0.423,INT-WST-003,waste,17647.0,3.99,low,False,20.8
textile,small,waste,0.299,INT-WST-003,waste,17052.0,3.98,low,True,62.5
plastic,large,waste,0.422,INT-WST-003,waste,20082.0,3.87,low,True,69.5
plastic,small,waste,0.338,INT-WST-003,waste,18311.0,4.25,low,True,63.6
textile,medium,waste,0.411,INT-WST-003,waste,19025.0,3.87,low,True,72.9
textile,small,waste,0.23,INT-WST-003,waste,17677.0,4.23,low,True,56.6
food,large,waste,0.266,INT-WST-003,waste,17389.0,4.19,low,False,15.9
plastic,medium,waste,0.401,INT-WST-003,waste,17292.0,3.73,low,True,66.1
plastic,large,waste,0.247,INT-WST-003,waste,17967.0,4.22,low,True,62.0
plastic,medium,waste,0.304,INT-WST-003,waste,16442.0,4.53,low,True,62.8
plastic,medium,waste,0.522,INT-WST-003,waste,18725.0,4.27,low,True,68.7
plastic,large,waste,0.481,INT-WST-003,waste,16540.0,4.39,low,True,68.1
plastic,small,waste,0.53,INT-WST-003,waste,15618.0,4.03,low,True,68.4
plastic,medium,waste,0.265,INT-WST-003,waste,16318.0,4.8,low,True,63.8
textile,medium,waste,0.435,INT-WST-003,waste,14884.0,4.42,low,True,70.0
plastic,large,waste,0.093,INT-WST-003,waste,18570.0,4.82,low,True,55.5
textile,large,waste,0.424,INT-WST-003,waste,18839.0,3.62,low,True,66.5
textile,medium,waste,0.165,INT-WST-003,waste,16787.0,4.64,low,True,60.3
plastic,large,waste,0.119,INT-WST-003,waste,18434.0,4.57,low,True,56.3
plastic,large,waste,0.343,INT-WST-003,waste,19667.0,4.38,low,True,66.3
textile,large,waste,0.185,INT-WST-003,waste,15985.0,4.8,low,True,58.4
plastic,large,waste,0.404,INT-WST-003,waste,19721.0,4.81,low,True,70.1
plastic,large,waste,0.193,INT-WST-003,waste,15433.0,4.8,low,True,65.1
plastic,small,waste,0.248,INT-WST-003,waste,16381.0,3.74,low,True,58.5
textile,medium,waste,0.568,INT-WST-003,waste,18228.0,4.7,low,True,68.8
textile,small,waste,0.181,INT-WST-003,waste,16266.0,3.91,low,True,55.6
textile,medium,waste,0.108,INT-WST-003,waste,16662.0,4.44,low,True,57.7
plastic,medium,waste,0.326,INT-WST-003,waste,15080.0,3.91,low,True,61.8
plastic,small,waste,0.321,INT-WST-003,waste,19308.0,4.58,low,True,58.9
plastic,medium,waste,0.539,INT-WST-003,waste,15439.0,4.29,low,True,70.6
plastic,large,waste,0.123,INT-WST-003,waste,17916.0,4.08,low,True,58.9
textile,medium,waste,0.162,INT-WST-003,waste,16484.0,3.61,low,True,56.9
textile,large,waste,0.149,INT-WST-003,waste,15282.0,4.67,low,True,56.8
plastic,medium,waste,0.598,INT-WST-003,waste,16701.0,3.93,low,True,72.7
textile,large,waste,0.325,INT-WST-004,waste,35088.0,8.33,medium,True,70.1
textile,medium,waste,0.329,INT-WST-004,waste,38284.0,8.45,medium,True,65.9
textile,large,waste,0.274,INT-WST-004,waste,33826.0,7.32,medium,True,68.1
textile,medium,waste,0.493,INT-WST-004,waste,35104.0,8.06,medium,True,69.8
textile,small,waste,0.259,INT-WST-004,waste,39030.0,7.82,medium,True,50.8
textile,small,waste,0.398,INT-WST-004,waste,33100.0,7.42,medium,True,56.4
textile,medium,waste,0.293,INT-WST-004,waste,35908.0,8.77,medium,True,68.1
textile,large,waste,0.435,INT-WST-004,waste,32865.0,6.94,medium,True,70.1
textile,large,waste,0.485,INT-WST-004,waste,35560.0,6.8,medium,True,69.9
textile,medium,waste,0.138,INT-WST-004,waste,34542.0,7.87,medium,True,53.2
textile,medium,energy,0.296,INT-WST-004,waste,43580.0,6.78,medium,False,20.0
textile,medium,waste,0.559,INT-WST-004,waste,38083.0,7.66,medium,True,70.3
textile,small,waste,0.449,INT-WST-004,waste,39643.0,7.56,medium,True,57.6
textile,medium,waste,0.119,INT-WST-004,waste,37209.0,6.82,medium,True,52.2
textile,medium,energy,0.556,INT-WST-004,waste,38973.0,8.89,medium,False,26.3
textile,large,waste,0.436,INT-WST-004,waste,37898.0,6.67,medium,True,70.1
food,medium,waste,0.178,INT-WST-004,waste,37763.0,8.6,medium,False,18.0
textile,small,waste,0.104,INT-WST-004,waste,37574.0,8.54,medium,True,42.7
textile,large,waste,0.381,INT-WST-004,waste,38200.0,8.22,medium,True,69.9
textile,medium,waste,0.203,INT-WST-004,waste,38007.0,7.89,medium,True,57.3
textile,medium,waste,0.426,INT-WST-004,waste,40326.0,7.59,medium,True,65.7
textile,large,waste,0.553,INT-WST-004,waste,39067.0,7.33,medium,True,71.8
textile,medium,waste,0.51,INT-WST-004,waste,33140.0,6.66,medium,True,61.6
textile,small,waste,0.223,INT-WST-004,waste,37191.0,7.55,medium,True,46.9
textile,large,waste,0.151,INT-WST-004,waste,41140.0,7.1,medium,True,53.2
textile,small,waste,0.574,INT-WST-004,waste,37579.0,8.1,medium,True,60.8
textile,small,waste,0.541,INT-WST-004,waste,35394.0,8.44,medium,True,64.7
textile,medium,waste,0.31,INT-WST-004,waste,39543.0,7.64,medium,True,58.5
textile,small,waste,0.35,INT-WST-004,waste,38620.0,7.15,medium,True,52.0
textile,large,waste,0.39,INT-WST-004,waste,39170.0,7.43,medium,True,66.5
textile,medium,waste,0.441,INT-WST-004,waste,36790.0,8.97,medium,True,74.8
textile,medium,waste,0.44,INT-WST-004,waste,37782.0,7.15,medium,True,66.4
textile,medium,waste,0.339,INT-WST-004,waste,35589.0,7.05,medium,True,62.8
textile,large,waste,0.143,INT-WST-004,waste,40080.0,7.14,medium,True,50.8
textile,medium,waste,0.569,INT-WST-004,waste,35993.0,8.54,medium,True,74.0
plastic,medium,waste,0.164,INT-WST-004,waste,35444.0,8.69,medium,False,20.0
textile,large,waste,0.453,INT-WST-004,waste,35568.0,8.4,medium,True,73.7
textile,small,waste,0.408,INT-WST-004,waste,34053.0,7.48,medium,True,62.4
textile,medium,waste,0.108,INT-WST-004,waste,39085.0,8.93,medium,True,55.1
textile,small,waste,0.487,INT-WST-004,waste,39774.0,8.25,medium,True,56.0
food,medium,energy,0.198,INT-WST-005,waste,78285.0,15.51,high,True,57.9
food,large,energy,0.163,INT-WST-005,waste,84652.0,12.92,high,True,61.8
food,small,waste,0.096,INT-WST-005,waste,88091.0,14.53,high,True,41.8
food,large,energy,0.294,INT-WST-005,waste,84110.0,12.77,high,True,68.0
plastic,large,energy,0.164,INT-WST-005,waste,80084.0,13.3,high,False,19.8
food,small,energy,0.084,INT-WST-005,waste,94051.0,14.86,high,True,39.4
food,small,energy,0.325,INT-WST-005,waste,81256.0,14.48,high,True,49.0
food,small,energy,0.103,INT-WST-005,waste,83459.0,15.15,high,True,44.7
food,small,waste,0.357,INT-WST-005,waste,77461.0,14.95,high,True,51.7
food,small,energy,0.392,INT-WST-005,waste,83405.0,15.76,high,True,51.6
food,medium,waste,0.397,INT-WST-005,waste,83340.0,13.25,high,True,63.6
food,medium,energy,0.104,INT-WST-005,waste,85632.0,14.48,high,True,59.4
food,large,energy,0.477,INT-WST-005,waste,78389.0,12.53,high,True,78.5
food,large,waste,0.199,INT-WST-005,waste,93431.0,12.57,high,True,66.5
food,large,waste,0.143,INT-WST-005,waste,93079.0,13.05,high,True,59.8
food,medium,energy,0.168,INT-WST-005,waste,76360.0,13.17,high,True,56.7
plastic,small,energy,0.266,INT-WST-005,waste,79294.0,14.01,high,False,16.6
food,small,waste,0.592,INT-WST-005,waste,77945.0,13.95,high,True,57.8
food,large,energy,0.382,INT-WST-005,waste,82876.0,12.12,high,True,70.6
food,medium,energy,0.567,INT-WST-005,waste,79657.0,13.63,high,True,70.8
food,medium,materials,0.369,INT-WST-005,waste,89829.0,14.6,high,False,21.4
food,small,energy,0.092,INT-WST-005,waste,87917.0,15.37,high,True,40.5
food,large,waste,0.515,INT-WST-005,waste,76630.0,14.47,high,True,80.9
plastic,small,energy,0.479,INT-WST-005,waste,73621.0,14.03,high,False,14.9
food,medium,waste,0.367,INT-WST-005,waste,73317.0,13.75,high,True,62.7
textile,medium,energy,0.171,INT-WST-005,waste,77847.0,13.91,high,False,21.8
food,small,waste,0.518,INT-WST-005,waste,88098.0,14.26,high,True,56.3
plastic,small,waste,0.331,INT-WST-005,waste,95054.0,13.06,high,False,16.8
food,large,energy,0.113,INT-WST-005,waste,72345.0,13.26,high,True,59.6
food,small,energy,0.569,INT-WST-005,waste,75454.0,13.64,high,True,57.9
food,large,waste,0.145,INT-WST-005,waste,80711.0,14.91,high,True,67.8
food,large,energy,0.105,INT-WST-005,waste,77149.0,11.92,high,True,60.4
food,small,energy,0.082,INT-WST-005,waste,89434.0,12.13,high,True,35.0
food,medium,waste,0.378,INT-WST-005,waste,87765.0,14.76,high,True,70.7
food,large,waste,0.31,INT-WST-005,waste,81035.0,15.06,high,True,75.7
food,large,energy,0.319,INT-WST-005,waste,76588.0,11.98,high,True,68.5
plastic,small,waste,0.315,INT-WST-005,waste,78500.0,15.94,high,False,17.0
food,medium,waste,0.1,INT-WST-005,waste,79718.0,12.42,high,True,58.6
food,large,waste,0.33,INT-WST-005,waste,83528.0,12.48,high,True,70.6
food,small,waste,0.556,INT-WST-005,waste,82602.0,13.6,high,True,56.3
plastic,large,waste,0.308,INT-WST-006,waste,48934.0,8.11,high,True,59.3
plastic,small,waste,0.32,INT-WST-006,waste,50204.0,9.13,high,True,45.4
plastic,large,waste,0.112,INT-WST-006,waste,44517.0,9.93,high,True,56.8
plastic,large,waste,0.3,INT-WST-006,waste,46944.0,8.26,high,True,62.3
plastic,medium,waste,0.272,INT-WST-006,waste,41516.0,8.63,high,True,52.1
plastic,small,materials,0.535,INT-WST-006,waste,52683.0,10.08,high,False,15.2
plastic,large,waste,0.172,INT-WST-006,waste,51332.0,10.35,high,True,58.4
textile,small,waste,0.138,INT-WST-006,waste,52103.0,9.25,high,False,10.0
plastic,medium,waste,0.313,INT-WST-006,waste,53222.0,9.56,high,True,58.4
plastic,small,waste,0.216,INT-WST-006,waste,42133.0,9.25,high,True,40.7
plastic,large,waste,0.086,INT-WST-006,waste,49904.0,10.46,high,True,57.8
plastic,large,waste,0.21,INT-WST-006,waste,45796.0,9.48,high,True,57.2
plastic,small,waste,0.557,INT-WST-006,waste,46659.0,8.63,high,True,56.2
plastic,large,waste,0.156,INT-WST-006,waste,42908.0,9.38,high,True,55.2
plastic,large,waste,0.478,INT-WST-006,waste,51493.0,8.41,high,True,67.5
plastic,small,waste,0.426,INT-WST-006,waste,52744.0,8.49,high,True,43.5
plastic,large,waste,0.383,INT-WST-006,waste,45093.0,7.92,high,True,58.8
plastic,small,waste,0.555,INT-WST-006,waste,51645.0,9.53,high,True,55.2
textile,small,waste,0.297,INT-WST-006,waste,46038.0,9.97,high,False,14.0
plastic,large,waste,0.548,INT-WST-006,waste,53537.0,10.33,high,True,71.4
plastic,small,waste,0.156,INT-WST-006,waste,55157.0,7.82,high,True,35.6
plastic,large,waste,0.213,INT-WST-006,waste,51191.0,8.33,high,True,61.4
plastic,large,waste,0.178,INT-WST-006,waste,44227.0,9.86,high,True,60.6
plastic,large,waste,0.564,INT-WST-006,waste,48891.0,8.79,high,True,66.3
plastic,small,waste,0.242,INT-WST-006,waste,45490.0,9.61,high,True,47.4
plastic,medium,waste,0.28,INT-WST-006,waste,42910.0,9.24,high,True,62.6
plastic,small,waste,0.505,INT-WST-006,waste,44654.0,9.85,high,True,54.5
plastic,small,waste,0.324,INT-WST-006,waste,41250.0,10.36,high,True,52.6
plastic,large,waste,0.488,INT-WST-006,waste,40888.0,10.28,high,True,73.5
textile,small,waste,0.393,INT-WST-006,waste,45945.0,8.94,high,False,15.4
plastic,medium,waste,0.512,INT-WST-006,waste,43740.0,10.31,high,True,68.1
plastic,large,waste,0.506,INT-WST-006,waste,51438.0,10.36,high,True,73.7
plastic,medium,waste,0.312,INT-WST-006,waste,40884.0,9.3,high,True,64.4
plastic,medium,materials,0.173,INT-WST-006,waste,50102.0,8.26,high,False,19.4
plastic,medium,waste,0.135,INT-WST-006,waste,51455.0,7.89,high,True,51.2
plastic,medium,waste,0.13,INT-WST-006,waste,49909.0,7.91,high,True,45.4
plastic,small,waste,0.147,INT-WST-006,waste,43818.0,8.97,high,True,43.8
food,small,waste,0.262,INT-WST-006,waste,46073.0,10.15,high,False,13.2
plastic,large,waste,0.468,INT-WST-006,waste,45302.0,9.55,high,True,75.3
plastic,small,waste,0.21,INT-WST-006,waste,54686.0,8.57,high,True,37.5
